Type,Name,Request Count,Failure Count,Median Response Time,Average Response Time,Min Response Time,Max Response Time,Average Content Size,Requests/s,Failures/s,50%,66%,75%,80%,90%,95%,98%,99%,99.9%,99.99%,100%
GET,/about,2849,14,420.0,1194.2095718234502,160.58045800014042,11006.308125000032,3938.959634959635,1.387935533730717,0.006820322033074777,420,720,950,1200,3200,6700,9200,9900,11000,11000,11000
GET,/about/legals,435,2,390.0,1180.4743569930972,164.23683299990444,10345.794957999942,6432.724137931034,0.2119171488848234,0.0009743317190106823,390,690,910,1200,2600,7400,8900,9600,10000,10000,10000
GET,/about/offices,1382,8,460.0,1196.2087628002907,162.57824999991044,11052.351417000182,3094.447901591896,0.6732632178363815,0.0038973268760427292,460,740,980,1200,3100,6800,9300,10000,11000,11000,11000
GET,/home,6889,32,1500.0,2155.5369237109853,574.8486249999587,12236.436082999944,3444.2601248366964,3.3560856061322952,0.015589307504170917,1500,1700,2000,2200,4200,7700,9900,11000,12000,12000,12000
GET,/jobs,4582,28,1900.0,2623.7957138138404,1272.3322079998525,12195.700832999819,2707.7175905718027,2.232193968253473,0.013640644066149553,1900,2200,2400,2700,4700,8100,10000,11000,12000,12000,12000
,Aggregated,16137,84,1500.0,2010.3300336956677,160.58045800014042,12236.436082999944,3373.063642560575,7.861395474837691,0.04092193219844866,1500,1800,2100,2300,4100,7600,9800,11000,12000,12000,12000
